{
  "Total" : {
    "transaction" : "Total",
    "sampleCount" : 51540,
    "errorCount" : 0,
    "errorPct" : 0.0,
    "meanResTime" : 830.8347497089609,
    "medianResTime" : 553.0,
    "minResTime" : 10.0,
    "maxResTime" : 9840.0,
    "pct1ResTime" : 1869.0,
    "pct2ResTime" : 3897.9000000000015,
    "pct3ResTime" : 7839.94000000001,
    "throughput" : 80.98832787544706,
    "receivedKBytesPerSec" : 64.14212295604254,
    "sentKBytesPerSec" : 9.174459017140487
  },
  "HTTP Request" : {
    "transaction" : "HTTP Request",
    "sampleCount" : 51540,
    "errorCount" : 0,
    "errorPct" : 0.0,
    "meanResTime" : 830.8347497089609,
    "medianResTime" : 553.0,
    "minResTime" : 10.0,
    "maxResTime" : 9840.0,
    "pct1ResTime" : 1869.0,
    "pct2ResTime" : 3897.9000000000015,
    "pct3ResTime" : 7839.94000000001,
    "throughput" : 80.98832787544706,
    "receivedKBytesPerSec" : 64.14212295604254,
    "sentKBytesPerSec" : 9.174459017140487
  }
}